"editorial_status","batch","external_id","category","page_url","video_title","prompt","current_video_description","current_topic","poster_url","video_url","duration_seconds","publication_date","proposed_video_description","editorial_notes"
"accepted","batch-018","6267","A","https://prawkonaraz.pl/pytanie/6267/czy-w-tej-sytuacji-wyprzedzanie-rowerzysty-jest-zabronione","Film do pytania 6267: Czy w tej sytuacji wyprzedzanie rowerzysty jest zabronione?","Czy w tej sytuacji wyprzedzanie rowerzysty jest zabronione?","Wideo powiązane z pytaniem 6267 dla kategorii A przedstawia realny układ drogowy z pytania egzaminacyjnego, pomagając skupić uwagę na przebiegu sceny i warunkach ruchu. Temat sceny: ocena, czy w tej sytuacji wyprzedzanie rowerzysty jest zabronione.","ocena, czy w tej sytuacji wyprzedzanie rowerzysty jest zabronione","https://prawkonaraz.pl/storage-bulk/media/questions/a/6267/image/poster.38885aa9623b.jpg","https://prawkonaraz.pl/storage-bulk/media/questions/a/6267/video/full.6bfbacb1c843.mp4","5","2026-04-09T02:08:07+02:00","Droga poza miastem z rowerzystą przed pojazdem i samochodem z przeciwka pokazuje manewr na wąskim odcinku. Kadr skupia uwagę na odstępie bocznym, linii osiowej oraz ruchu z naprzeciwka.","batch-018 accepted after owner review; not yet connected to production sitemap"
"accepted","batch-018","6270","A","https://prawkonaraz.pl/pytanie/6270/czy-w-tej-sytuacji-mozesz-wyprzedzic-rowerzyste-z-zachowaniem-odstepu-05-m","Film do pytania 6270: Czy w tej sytuacji możesz wyprzedzić rowerzystę z zachowaniem odstępu 0,5 m?","Czy w tej sytuacji możesz wyprzedzić rowerzystę z zachowaniem odstępu 0,5 m?","Nagranie przypisane do pytania 6270 dla kategorii A przedstawia scenę z perspektywy kierującego, z naciskiem na ocenę otoczenia, znaków i zachowania uczestników ruchu. Temat sceny: ocena, czy w tej sytuacji możesz wyprzedzić rowerzystę z zachowaniem odstępu 0,5 m.","ocena, czy w tej sytuacji możesz wyprzedzić rowerzystę z zachowaniem odstępu 0,5 m","https://prawkonaraz.pl/storage-bulk/media/questions/a/6270/image/poster.b6d6ddfc81c9.jpg","https://prawkonaraz.pl/storage-bulk/media/questions/a/6270/video/full.51cc01e38c95.mp4","7","2026-04-09T02:08:07+02:00","Prosta jezdnia z podwójną linią ciągłą, otwartym poboczem i znakiem miejscowości w oddali pokazuje zbliżanie się do wolniejszego uczestnika ruchu. Ujęcie akcentuje szerokość pasa i ocenę bocznego odstępu.","batch-018 accepted after owner review; not yet connected to production sitemap"
"accepted","batch-018","6271","A","https://prawkonaraz.pl/pytanie/6271/czy-w-tej-sytuacji-wyprzedzanie-rowerzysty-z-zachowaniem-odstepu-okolo-05-m-jest-zabronione","Film do pytania 6271: Czy w tej sytuacji wyprzedzanie rowerzysty z zachowaniem odstępu około 0,5 m jest zabron...","Czy w tej sytuacji wyprzedzanie rowerzysty z zachowaniem odstępu około 0,5 m jest zabronione?","Klip wideo dla pytania 6271 dla kategorii A pokazuje sytuację egzaminacyjną na drodze, w której liczy się spokojna obserwacja, rozpoznanie zagrożeń i właściwa decyzja kierowcy. Temat sceny: ocena, czy w tej sytuacji wyprzedzanie rowerzysty z zachowaniem odstępu około 0,5 m jest zabronione.","ocena, czy w tej sytuacji wyprzedzanie rowerzysty z zachowaniem odstępu około 0,5 m jest zabronione","https://prawkonaraz.pl/storage-bulk/media/questions/a/6271/image/poster.b6d6ddfc81c9.jpg","https://prawkonaraz.pl/storage-bulk/media/questions/a/6271/video/full.93e8611bd126.mp4","7","2026-04-09T02:08:07+02:00","Ten sam wiejski odcinek z długą osią drogi i ograniczoną przestrzenią po bokach przedstawia ocenę przejazdu obok rowerzysty. Materiał kieruje uwagę na geometrię jezdni, pobocze i zachowanie toru.","batch-018 accepted after owner review; not yet connected to production sitemap"
"accepted","batch-018","6273","A","https://prawkonaraz.pl/pytanie/6273/czy-w-tej-sytuacji-widzac-zachowanie-rowerzystow-masz-obowiazek-sie-zatrzymac","Film do pytania 6273: Czy w tej sytuacji, widząc zachowanie rowerzystów, masz obowiązek się zatrzymać?","Czy w tej sytuacji, widząc zachowanie rowerzystów, masz obowiązek się zatrzymać?","Klip wideo dla pytania 6273 dla kategorii A pokazuje sytuację egzaminacyjną na drodze, w której liczy się spokojna obserwacja, rozpoznanie zagrożeń i właściwa decyzja kierowcy. Temat sceny: ocena, czy w tej sytuacji, widząc zachowanie rowerzystów, masz obowiązek się zatrzymać.","ocena, czy w tej sytuacji, widząc zachowanie rowerzystów, masz obowiązek się zatrzymać","https://prawkonaraz.pl/storage-bulk/media/questions/a/6273/image/poster.3b505d4981e8.jpg","https://prawkonaraz.pl/storage-bulk/media/questions/a/6273/video/full.d4a9056858e2.mp4","7","2026-04-09T02:08:07+02:00","Słoneczne skrzyżowanie z przejściem, rowerzystami i szerokim chodnikiem pokazuje sytuację, w której ruch jednośladów może szybko zmienić układ na jezdni. Kadr pomaga obserwować zachowanie grupy oraz przestrzeń przed autem.","batch-018 accepted after owner review; not yet connected to production sitemap"
"accepted","batch-018","6275","A","https://prawkonaraz.pl/pytanie/6275/czy-w-tej-sytuacji-przejezdzajac-obok-rowerzysty-musisz-zachowac-szczegolna-ostroznosc","Film do pytania 6275: Czy w tej sytuacji przejeżdżając obok rowerzysty musisz zachować szczególną ostrożność?","Czy w tej sytuacji przejeżdżając obok rowerzysty musisz zachować szczególną ostrożność?","Film przy pytaniu 6275 dla kategorii A prezentuje praktyczny kontekst drogowy wykorzystywany w nauce do prawa jazdy i porządkuje to, na co warto zwrócić uwagę w kadrze. Temat sceny: ocena, czy w tej sytuacji przejeżdżając obok rowerzysty musisz zachować szczególną ostrożność.","ocena, czy w tej sytuacji przejeżdżając obok rowerzysty musisz zachować szczególną ostrożność","https://prawkonaraz.pl/storage-bulk/media/questions/a/6275/image/poster.38885aa9623b.jpg","https://prawkonaraz.pl/storage-bulk/media/questions/a/6275/video/full.0c50ee9a9903.mp4","5","2026-04-09T02:08:07+02:00","Rowerzysta jadący przy prawej krawędzi, mokra nawierzchnia i nadjeżdżający pojazd tworzą scenę przejazdu obok niechronionego uczestnika. Ujęcie skupia się na ostrożnym torze, widoczności i bocznym zapasie.","batch-018 accepted after owner review; not yet connected to production sitemap"
"accepted","batch-018","6278","A","https://prawkonaraz.pl/pytanie/6278/czy-w-tej-sytuacji-mozesz-wjechac-na-przejazd-z-zachowaniem-szczegolnej-ostroznosci","Film do pytania 6278: Czy w tej sytuacji możesz wjechać na przejazd z zachowaniem szczególnej ostrożności?","Czy w tej sytuacji możesz wjechać na przejazd z zachowaniem szczególnej ostrożności?","Film przy pytaniu 6278 dla kategorii A prezentuje praktyczny kontekst drogowy wykorzystywany w nauce do prawa jazdy i porządkuje to, na co warto zwrócić uwagę w kadrze. Temat sceny: ocena, czy w tej sytuacji możesz wjechać na przejazd z zachowaniem szczególnej ostrożności.","ocena, czy w tej sytuacji możesz wjechać na przejazd z zachowaniem szczególnej ostrożności","https://prawkonaraz.pl/storage-bulk/media/questions/a/6278/image/poster.71c8c553f9c2.jpg","https://prawkonaraz.pl/storage-bulk/media/questions/a/6278/video/full.63f79d03eff7.mp4","6","2026-04-09T02:08:07+02:00","Przejazd kolejowy z opuszczonymi zaporami, światłami i pociągiem przecinającym drogę pokazuje zamknięty układ torów. Materiał koncentruje uwagę na sygnałach, rogatkach oraz przestrzeni przed przejazdem.","batch-018 accepted after owner review; not yet connected to production sitemap"
"accepted","batch-018","6279","A","https://prawkonaraz.pl/pytanie/6279/czy-w-tej-sytuacji-mozesz-przejechac-przez-przejazd-kolejowy-bez-zatrzymania","Film do pytania 6279: Czy w tej sytuacji możesz przejechać przez przejazd kolejowy bez zatrzymania?","Czy w tej sytuacji możesz przejechać przez przejazd kolejowy bez zatrzymania?","Film przy pytaniu 6279 dla kategorii A prezentuje praktyczny kontekst drogowy wykorzystywany w nauce do prawa jazdy i porządkuje to, na co warto zwrócić uwagę w kadrze. Temat sceny: ocena, czy w tej sytuacji możesz przejechać przez przejazd kolejowy bez zatrzymania.","ocena, czy w tej sytuacji możesz przejechać przez przejazd kolejowy bez zatrzymania","https://prawkonaraz.pl/storage-bulk/media/questions/a/6279/image/poster.dfdcd47e0c73.jpg","https://prawkonaraz.pl/storage-bulk/media/questions/a/6279/video/full.e82c6057ee0d.mp4","10","2026-04-09T02:08:07+02:00","Droga prowadząca w stronę przejazdu kolejowego, pojazdy na pasie i drzewa przy poboczu tworzą scenę dojazdu do torów. Kadr pomaga śledzić oznakowanie, widoczność oraz zachowanie aut przed przejazdem.","batch-018 accepted after owner review; not yet connected to production sitemap"
"accepted","batch-018","6280","A","https://prawkonaraz.pl/pytanie/6280/czy-w-tej-sytuacji-mozesz-wjechac-na-przejazd-kolejowy","Film do pytania 6280: Czy w tej sytuacji możesz wjechać na przejazd kolejowy?","Czy w tej sytuacji możesz wjechać na przejazd kolejowy?","Nagranie przypisane do pytania 6280 dla kategorii A przedstawia scenę z perspektywy kierującego, z naciskiem na ocenę otoczenia, znaków i zachowania uczestników ruchu. Temat sceny: ocena, czy w tej sytuacji możesz wjechać na przejazd kolejowy.","ocena, czy w tej sytuacji możesz wjechać na przejazd kolejowy","https://prawkonaraz.pl/storage-bulk/media/questions/a/6280/image/poster.a98a34bb38f6.jpg","https://prawkonaraz.pl/storage-bulk/media/questions/a/6280/video/full.2770e777f01a.mp4","5","2026-04-09T02:08:07+02:00","Zimowy przejazd kolejowy z podniesioną zaporą, mokrą jezdnią i samochodem z przeciwka pokazuje sytuację tuż przy torach. Ujęcie akcentuje sygnały, stan nawierzchni oraz przestrzeń za przejazdem.","batch-018 accepted after owner review; not yet connected to production sitemap"
"accepted","batch-018","6282","A","https://prawkonaraz.pl/pytanie/6282/czy-w-tej-sytuacji-masz-prawo-zaparkowac-pojazd-po-prawej-stronie-na-chodniku-bezposrednio-przed-przejazdem-kolejowym","Film do pytania 6282: Czy w tej sytuacji masz prawo zaparkować pojazd po prawej stronie na chodniku bezpośredn...","Czy w tej sytuacji masz prawo zaparkować pojazd po prawej stronie na chodniku bezpośrednio przed przejazdem kolejowym?","Wideo powiązane z pytaniem 6282 dla kategorii A przedstawia realny układ drogowy z pytania egzaminacyjnego, pomagając skupić uwagę na przebiegu sceny i warunkach ruchu. Temat sceny: ocena, czy w tej sytuacji masz prawo zaparkować pojazd po prawej stronie na chodniku bezpośrednio przed przejazdem kolejowym.","ocena, czy w tej sytuacji masz prawo zaparkować pojazd po prawej stronie na chodniku bezpośrednio przed przejazdem kolejowym","https://prawkonaraz.pl/storage-bulk/media/questions/a/6282/image/poster.a6b90346d671.jpg","https://prawkonaraz.pl/storage-bulk/media/questions/a/6282/video/full.167bc7cdeceb.mp4","5","2026-04-09T02:08:07+02:00","Zamglona jezdnia przy torach, znakach kolejowych i chodniku po prawej stronie pokazuje miejsce potencjalnego postoju przed przejazdem. Scena skupia uwagę na widoczności, odległości od torów i wpływie auta na pieszych.","batch-018 accepted after owner review; not yet connected to production sitemap"
"accepted","batch-018","6283","A","https://prawkonaraz.pl/pytanie/6283/czy-w-tej-sytuacji-masz-prawo-ominac-zapore-i-wjechac-na-przejazd-kolejowy-po-upewnieniu-sie-ze-nie-nadjezdza-pociag","Film do pytania 6283: Czy w tej sytuacji masz prawo ominąć zaporę i wjechać na przejazd kolejowy po upewnieniu...","Czy w tej sytuacji masz prawo ominąć zaporę i wjechać na przejazd kolejowy po upewnieniu się, że nie nadjeżdża pociąg?","Klip wideo dla pytania 6283 dla kategorii A pokazuje sytuację egzaminacyjną na drodze, w której liczy się spokojna obserwacja, rozpoznanie zagrożeń i właściwa decyzja kierowcy. Temat sceny: ocena, czy w tej sytuacji masz prawo ominąć zaporę i wjechać na przejazd kolejowy po upewnieniu się, że nie nadjeżdża pociąg.","ocena, czy w tej sytuacji masz prawo ominąć zaporę i wjechać na przejazd kolejowy po upewnieniu się, że nie nadjeżdża pociąg","https://prawkonaraz.pl/storage-bulk/media/questions/a/6283/image/poster.e4311d714181.jpg","https://prawkonaraz.pl/storage-bulk/media/questions/a/6283/video/full.10dd5be21113.mp4","6","2026-04-09T02:08:07+02:00","Przejazd kolejowy w terenie zabudowanym z rogatką, znakami i ruchem przy skrzyżowaniu pokazuje newralgiczny punkt drogi. Kadr pomaga przeanalizować sygnały, położenie zapory oraz możliwy tor przejazdu.","batch-018 accepted after owner review; not yet connected to production sitemap"
"accepted","batch-018","6286","A","https://prawkonaraz.pl/pytanie/6286/czy-w-tej-sytuacji-wolno-ci-wjechac-na-przejazd-kolejowy","Film do pytania 6286: Czy w tej sytuacji wolno Ci wjechać na przejazd kolejowy?","Czy w tej sytuacji wolno Ci wjechać na przejazd kolejowy?","Wideo powiązane z pytaniem 6286 dla kategorii A przedstawia realny układ drogowy z pytania egzaminacyjnego, pomagając skupić uwagę na przebiegu sceny i warunkach ruchu. Temat sceny: ocena, czy w tej sytuacji wolno Ci wjechać na przejazd kolejowy.","ocena, czy w tej sytuacji wolno Ci wjechać na przejazd kolejowy","https://prawkonaraz.pl/storage-bulk/media/questions/a/6286/image/poster.a49b0e5d0848.jpg","https://prawkonaraz.pl/storage-bulk/media/questions/a/6286/video/full.bfee8bc80667.mp4","8","2026-04-09T02:08:07+02:00","Pociąg przejeżdżający przez zamknięty przejazd, czerwone światła i mokra nawierzchnia tworzą jednoznacznie intensywną scenę przy torach. Ujęcie kieruje uwagę na rogatki, sygnalizację oraz linię oczekiwania.","batch-018 accepted after owner review; not yet connected to production sitemap"
"accepted","batch-018","6290","A","https://prawkonaraz.pl/pytanie/6290/czy-w-tej-sytuacji-masz-obowiazek-zatrzymac-sie-przed-przejazdem-kolejowym","Film do pytania 6290: Czy w tej sytuacji masz obowiązek zatrzymać się przed przejazdem kolejowym?","Czy w tej sytuacji masz obowiązek zatrzymać się przed przejazdem kolejowym?","Materiał wideo do pytania 6290 dla kategorii A pokazuje krótką sytuację drogową z egzaminu teoretycznego i pomaga przeanalizować ją na podstawie obserwacji oraz zasad ruchu. Temat sceny: ocena, czy w tej sytuacji masz obowiązek zatrzymać się przed przejazdem kolejowym.","ocena, czy w tej sytuacji masz obowiązek zatrzymać się przed przejazdem kolejowym","https://prawkonaraz.pl/storage-bulk/media/questions/a/6290/image/poster.f5c6d2033a2a.jpg","https://prawkonaraz.pl/storage-bulk/media/questions/a/6290/video/full.4b0858c5471b.mp4","5","2026-04-09T02:08:07+02:00","Zimowy dojazd do przejazdu kolejowego z podniesioną rogatką i samochodem jadącym z przeciwka pokazuje ocenę miejsca przed torami. Materiał akcentuje znaki, stan jezdni i przestrzeń na dalszy przejazd.","batch-018 accepted after owner review; not yet connected to production sitemap"
"accepted","batch-018","630","A","https://prawkonaraz.pl/pytanie/630/czy-w-tym-miejscu-bezposrednio-przed-przejsciem-dla-pieszych-wolno-ci-zmienic-pas-ruchu","Film do pytania 630: Czy w tym miejscu, bezpośrednio przed przejściem dla pieszych, wolno Ci zmienić pas ruchu...","Czy w tym miejscu, bezpośrednio przed przejściem dla pieszych, wolno Ci zmienić pas ruchu?","Nagranie przypisane do pytania 630 dla kategorii A przedstawia scenę z perspektywy kierującego, z naciskiem na ocenę otoczenia, znaków i zachowania uczestników ruchu. Temat sceny: ocena, czy w tym miejscu, bezpośrednio przed przejściem dla pieszych, wolno Ci zmienić pas ruchu.","ocena, czy w tym miejscu, bezpośrednio przed przejściem dla pieszych, wolno Ci zmienić pas ruchu","https://prawkonaraz.pl/storage-bulk/media/questions/a/630/image/poster.3f3d370c9e47.jpg","https://prawkonaraz.pl/storage-bulk/media/questions/a/630/video/full.b89998614268.mp4","10","2026-04-09T01:41:40+02:00","Miejski odcinek przed przejściem dla pieszych, pasy ruchu i zielona infrastruktura tramwajowa pokazują zmianę położenia na jezdni. Kadr skupia uwagę na liniach, przejściu i ruchu w sąsiednich pasach.","batch-018 accepted after owner review; not yet connected to production sitemap"
"accepted","batch-018","6309","A","https://prawkonaraz.pl/pytanie/6309/czy-w-tej-sytuacji-masz-obowiazek-niezwlocznie-usunac-pojazd-z-przejazdu-tramwajowego","Film do pytania 6309: Czy w tej sytuacji masz obowiązek niezwłocznie usunąć pojazd z przejazdu tramwajowego?","Czy w tej sytuacji masz obowiązek niezwłocznie usunąć pojazd z przejazdu tramwajowego?","Nagranie przypisane do pytania 6309 dla kategorii A przedstawia scenę z perspektywy kierującego, z naciskiem na ocenę otoczenia, znaków i zachowania uczestników ruchu. Temat sceny: ocena, czy w tej sytuacji masz obowiązek niezwłocznie usunąć pojazd z przejazdu tramwajowego.","ocena, czy w tej sytuacji masz obowiązek niezwłocznie usunąć pojazd z przejazdu tramwajowego","https://prawkonaraz.pl/storage-bulk/media/questions/a/6309/image/poster.4d956a6ce862.jpg","https://prawkonaraz.pl/storage-bulk/media/questions/a/6309/video/full.68e7eebfeb73.mp4","7","2026-04-09T02:09:19+02:00","Samochód ustawiony na torowisku tramwajowym przy szerokiej ulicy pokazuje zatrzymanie w miejscu kolizyjnym z komunikacją szynową. Ujęcie pomaga ocenić położenie auta, tor tramwaju i możliwość szybkiego opuszczenia torów.","batch-018 accepted after owner review; not yet connected to production sitemap"
"accepted","batch-018","632","A","https://prawkonaraz.pl/pytanie/632/czy-widoczny-znak-poziomy-w-ksztalcie-trojkata-potwierdza-ostrzezenie-o-skrzyzowaniu-z-droga-z-pierwszenstwem","Film do pytania 632: Czy widoczny znak poziomy w kształcie trójkąta potwierdza ostrzeżenie o skrzyżowaniu z dr...","Czy widoczny znak poziomy w kształcie trójkąta potwierdza ostrzeżenie o skrzyżowaniu z drogą z pierwszeństwem?","Materiał wideo do pytania 632 dla kategorii A pokazuje krótką sytuację drogową z egzaminu teoretycznego i pomaga przeanalizować ją na podstawie obserwacji oraz zasad ruchu. Temat sceny: ocena, czy widoczny znak poziomy w kształcie trójkąta potwierdza ostrzeżenie o skrzyżowaniu z drogą z pierwszeństwem.","ocena, czy widoczny znak poziomy w kształcie trójkąta potwierdza ostrzeżenie o skrzyżowaniu z drogą z pierwszeństwem","https://prawkonaraz.pl/storage-bulk/media/questions/a/632/image/poster.4567cf18647e.jpg","https://prawkonaraz.pl/storage-bulk/media/questions/a/632/video/full.ec16e4965684.mp4","10","2026-04-09T01:41:40+02:00","Łagodna ulica z zielenią, znakiem i poziomym trójkątem na jezdni pokazuje oznaczenie przed skrzyżowaniem. Materiał koncentruje uwagę na relacji znaku pionowego z malowaniem na nawierzchni.","batch-018 accepted after owner review; not yet connected to production sitemap"
"accepted","batch-018","637","A","https://prawkonaraz.pl/pytanie/637/czy-w-tej-sytuacji-wolno-ci-wjechac-na-sasiedni-prawy-pas-ruchu","Film do pytania 637: Czy w tej sytuacji wolno Ci wjechać na sąsiedni prawy pas ruchu?","Czy w tej sytuacji wolno Ci wjechać na sąsiedni prawy pas ruchu?","Nagranie przypisane do pytania 637 dla kategorii A przedstawia scenę z perspektywy kierującego, z naciskiem na ocenę otoczenia, znaków i zachowania uczestników ruchu. Temat sceny: ocena, czy w tej sytuacji wolno Ci wjechać na sąsiedni prawy pas ruchu.","ocena, czy w tej sytuacji wolno Ci wjechać na sąsiedni prawy pas ruchu","https://prawkonaraz.pl/storage-bulk/media/questions/a/637/image/poster.c0ff124fc710.jpg","https://prawkonaraz.pl/storage-bulk/media/questions/a/637/video/full.71515124a1f3.mp4","8","2026-04-09T01:41:40+02:00","Skrzyżowanie z sygnalizacją i sąsiednim prawym pasem pokazuje możliwość zmiany toru jazdy w gęstym układzie miejskim. Kadr pomaga odczytać światła, linie oraz położenie pojazdów obok.","batch-018 accepted after owner review; not yet connected to production sitemap"
"accepted","batch-018","639","A","https://prawkonaraz.pl/pytanie/639/czy-widoczna-poprzeczna-linia-przerywana-wyznacza-miejsce-warunkowego-zatrzymania-pojazdu","Film do pytania 639: Czy widoczna poprzeczna linia przerywana wyznacza miejsce warunkowego zatrzymania pojazdu...","Czy widoczna poprzeczna linia przerywana wyznacza miejsce warunkowego zatrzymania pojazdu?","Klip wideo dla pytania 639 dla kategorii A pokazuje sytuację egzaminacyjną na drodze, w której liczy się spokojna obserwacja, rozpoznanie zagrożeń i właściwa decyzja kierowcy. Temat sceny: ocena, czy widoczna poprzeczna linia przerywana wyznacza miejsce warunkowego zatrzymania pojazdu.","ocena, czy widoczna poprzeczna linia przerywana wyznacza miejsce warunkowego zatrzymania pojazdu","https://prawkonaraz.pl/storage-bulk/media/questions/a/639/image/poster.2b0906eb721e.jpg","https://prawkonaraz.pl/storage-bulk/media/questions/a/639/video/full.affc99c12fd7.mp4","10","2026-04-09T01:41:40+02:00","Spokojna jezdnia przy parku z poprzeczną linią przerywaną pokazuje oznaczenie miejsca oczekiwania przed wlotem drogi. Ujęcie zwraca uwagę na malowanie nawierzchni, krawędź jezdni i widoczność skrzyżowania.","batch-018 accepted after owner review; not yet connected to production sitemap"
"accepted","batch-018","7124","A","https://prawkonaraz.pl/pytanie/7124/czy-w-tej-sytuacji-wolno-ci-zawrocic-na-skrzyzowaniu","Film do pytania 7124: Czy w tej sytuacji wolno Ci zawrócić na skrzyżowaniu?","Czy w tej sytuacji wolno Ci zawrócić na skrzyżowaniu?","Nagranie przypisane do pytania 7124 dla kategorii A przedstawia scenę z perspektywy kierującego, z naciskiem na ocenę otoczenia, znaków i zachowania uczestników ruchu. Temat sceny: ocena, czy w tej sytuacji wolno Ci zawrócić na skrzyżowaniu.","ocena, czy w tej sytuacji wolno Ci zawrócić na skrzyżowaniu","https://prawkonaraz.pl/storage-bulk/media/questions/a/7124/image/poster.dfb5046a3c0f.jpg","https://prawkonaraz.pl/storage-bulk/media/questions/a/7124/video/full.73f8b51f5d76.mp4","7","2026-04-09T02:13:30+02:00","Wielopasmowe skrzyżowanie z czerwonym sygnałem, strzałką na pasie i szybkim ruchem poprzecznym pokazuje temat zawracania. Kadr kieruje uwagę na wybrany pas, sygnalizację i przestrzeń do manewru.","batch-018 accepted after owner review; not yet connected to production sitemap"
"accepted","batch-018","7127","A","https://prawkonaraz.pl/pytanie/7127/czy-w-tej-sytuacji-masz-prawo-uzyc-sygnalu-dzwiekowego-aby-ostrzec-pieszego-o-niebezpieczenstwie","Film do pytania 7127: Czy w tej sytuacji masz prawo użyć sygnału dźwiękowego, aby ostrzec pieszego o niebezpie...","Czy w tej sytuacji masz prawo użyć sygnału dźwiękowego, aby ostrzec pieszego o niebezpieczeństwie?","Wideo powiązane z pytaniem 7127 dla kategorii A przedstawia realny układ drogowy z pytania egzaminacyjnego, pomagając skupić uwagę na przebiegu sceny i warunkach ruchu. Temat sceny: ocena, czy w tej sytuacji masz prawo użyć sygnału dźwiękowego, aby ostrzec pieszego o niebezpieczeństwie.","ocena, czy w tej sytuacji masz prawo użyć sygnału dźwiękowego, aby ostrzec pieszego o niebezpieczeństwie","https://prawkonaraz.pl/storage-bulk/media/questions/a/7127/image/poster.f417bb4a84cd.jpg","https://prawkonaraz.pl/storage-bulk/media/questions/a/7127/video/full.96587d2a145b.mp4","10","2026-04-09T02:13:30+02:00","Osiedlowa ulica z autem przy poboczu, pieszymi w cieniu drzew i zaparkowanymi pojazdami pokazuje potencjalne zagrożenie przy chodniku. Materiał skupia uwagę na pieszym oraz sposobie ostrzegania w ruchu.","batch-018 accepted after owner review; not yet connected to production sitemap"
"accepted","batch-018","7129","A","https://prawkonaraz.pl/pytanie/7129/czy-w-tej-sytuacji-masz-prawo-uzyc-sygnalu-dzwiekowego-aby-ostrzec-pieszego-o-niebezpieczenstwie","Film do pytania 7129: Czy w tej sytuacji masz prawo użyć sygnału dźwiękowego, aby ostrzec pieszego o niebezpie...","Czy w tej sytuacji masz prawo użyć sygnału dźwiękowego, aby ostrzec pieszego o niebezpieczeństwie?","Wideo powiązane z pytaniem 7129 dla kategorii A przedstawia realny układ drogowy z pytania egzaminacyjnego, pomagając skupić uwagę na przebiegu sceny i warunkach ruchu. Temat sceny: ocena, czy w tej sytuacji masz prawo użyć sygnału dźwiękowego, aby ostrzec pieszego o niebezpieczeństwie.","ocena, czy w tej sytuacji masz prawo użyć sygnału dźwiękowego, aby ostrzec pieszego o niebezpieczeństwie","https://prawkonaraz.pl/storage-bulk/media/questions/a/7129/image/poster.4887fcfc73b4.jpg","https://prawkonaraz.pl/storage-bulk/media/questions/a/7129/video/full.41758543c429.mp4","10","2026-04-09T02:13:30+02:00","Lokalna droga z samochodami przy posesjach i pieszym w pobliżu prawej krawędzi pokazuje sytuację nastawioną na czujną obserwację pobocza. Ujęcie dotyczy komunikacji z pieszym bez rozstrzygania decyzji kierowcy.","batch-018 accepted after owner review; not yet connected to production sitemap"
"accepted","batch-018","7130","A","https://prawkonaraz.pl/pytanie/7130/czy-ze-wzgledow-bezpieczenstwa-wskazane-jest-aby-uzywajac-gasnicy-samochodowej-unikac-pelnego-otwarcia-pokrywy-komory-silnika","Film do pytania 7130: Czy ze względów bezpieczeństwa wskazane jest, aby używając gaśnicy samochodowej, unikać...","Czy ze względów bezpieczeństwa wskazane jest, aby używając gaśnicy samochodowej, unikać pełnego otwarcia pokrywy komory silnika?","Nagranie przypisane do pytania 7130 dla kategorii A przedstawia scenę z perspektywy kierującego, z naciskiem na ocenę otoczenia, znaków i zachowania uczestników ruchu. Temat sceny: ocena, czy ze względów bezpieczeństwa wskazane jest, aby używając gaśnicy samochodowej, unikać pełnego otwarcia pokrywy komory silnika.","ocena, czy ze względów bezpieczeństwa wskazane jest, aby używając gaśnicy samochodowej, unikać pełnego otwarcia pokrywy komory silnika","https://prawkonaraz.pl/storage-bulk/media/questions/a/7130/image/poster.deb685398575.jpg","https://prawkonaraz.pl/storage-bulk/media/questions/a/7130/video/full.75ebd1295492.mp4","10","2026-04-09T02:13:30+02:00","Leśna droga i pojazd po awarii tworzą scenę związaną z użyciem gaśnicy przy komorze silnika. Kadr akcentuje zachowanie dystansu, ograniczony dostęp pod maskę oraz bezpieczeństwo osoby pomagającej.","batch-018 accepted after owner review; not yet connected to production sitemap"
"accepted","batch-018","7131","A","https://prawkonaraz.pl/pytanie/7131/czy-w-tej-sytuacji-uzasadnione-jest-sprawdzenie-czy-sprawca-wypadku-zaciagnal-hamulec-awaryjny-i-wylaczyl-silnik","Film do pytania 7131: Czy w tej sytuacji uzasadnione jest sprawdzenie, czy sprawca wypadku zaciągnął hamulec a...","Czy w tej sytuacji uzasadnione jest sprawdzenie, czy sprawca wypadku zaciągnął hamulec awaryjny i wyłączył silnik?","Nagranie przypisane do pytania 7131 dla kategorii A przedstawia scenę z perspektywy kierującego, z naciskiem na ocenę otoczenia, znaków i zachowania uczestników ruchu. Temat sceny: ocena, czy w tej sytuacji uzasadnione jest sprawdzenie, czy sprawca wypadku zaciągnął hamulec awaryjny i wyłączył silnik.","ocena, czy w tej sytuacji uzasadnione jest sprawdzenie, czy sprawca wypadku zaciągnął hamulec awaryjny i wyłączył silnik","https://prawkonaraz.pl/storage-bulk/media/questions/a/7131/image/poster.028b472e33ec.jpg","https://prawkonaraz.pl/storage-bulk/media/questions/a/7131/video/full.1fb39db79f79.mp4","8","2026-04-09T02:13:30+02:00","Samochód stojący przy poboczu w zadrzewionym miejscu pokazuje sytuację po zdarzeniu drogowym. Ujęcie skupia uwagę na zabezpieczeniu pojazdu, silniku, hamulcu postojowym i kolejności działań ratunkowych.","batch-018 accepted after owner review; not yet connected to production sitemap"
"accepted","batch-018","7133","A","https://prawkonaraz.pl/pytanie/7133/czy-ten-znak-ostrzega-o-zblizaniu-sie-do-skrzyzowania-z-jednokierunkowa-droga-podporzadkowana-ktorej-wlot-znajduje-sie-po-lewej-stronie","Film do pytania 7133: Czy ten znak ostrzega o zbliżaniu się do skrzyżowania z jednokierunkową drogą podporządk...","Czy ten znak ostrzega o zbliżaniu się do skrzyżowania z jednokierunkową drogą podporządkowaną, której wlot znajduje się po lewej stronie?","Materiał wideo do pytania 7133 dla kategorii A pokazuje krótką sytuację drogową z egzaminu teoretycznego i pomaga przeanalizować ją na podstawie obserwacji oraz zasad ruchu. Temat sceny: ocena, czy ten znak ostrzega o zbliżaniu się do skrzyżowania z jednokierunkową drogą podporządkowaną, której wlot znajduje się po...","ocena, czy ten znak ostrzega o zbliżaniu się do skrzyżowania z jednokierunkową drogą podporządkowaną, której wlot znajduje się po","https://prawkonaraz.pl/storage-bulk/media/questions/a/7133/image/poster.e6b42144973d.jpg","https://prawkonaraz.pl/storage-bulk/media/questions/a/7133/video/full.7452fbbaffca.mp4","6","2026-04-09T02:13:30+02:00","Droga z widocznym znakiem ostrzegawczym i bocznym wlotem pośród drzew pokazuje zbliżanie się do skrzyżowania. Materiał pomaga rozpoznać kształt znaku oraz stronę, z której dochodzi droga podporządkowana.","batch-018 accepted after owner review; not yet connected to production sitemap"
"accepted","batch-018","7139","A","https://prawkonaraz.pl/pytanie/7139/czy-w-tej-sytuacji-jadac-na-wprost-masz-obowiazek-umozliwic-przejazd-pojazdowi-uprzywilejowanemu-ktory-skreca-w-lewo","Film do pytania 7139: Czy w tej sytuacji, jadąc na wprost, masz obowiązek umożliwić przejazd pojazdowi uprzywi...","Czy w tej sytuacji, jadąc na wprost, masz obowiązek umożliwić przejazd pojazdowi uprzywilejowanemu, który skręca w lewo?","Nagranie przypisane do pytania 7139 dla kategorii A przedstawia scenę z perspektywy kierującego, z naciskiem na ocenę otoczenia, znaków i zachowania uczestników ruchu. Temat sceny: ocena, czy w tej sytuacji, jadąc na wprost, masz obowiązek umożliwić przejazd pojazdowi uprzywilejowanemu, który skręca w lewo.","ocena, czy w tej sytuacji, jadąc na wprost, masz obowiązek umożliwić przejazd pojazdowi uprzywilejowanemu, który skręca w lewo","https://prawkonaraz.pl/storage-bulk/media/questions/a/7139/image/poster.2748af561a9d.jpg","https://prawkonaraz.pl/storage-bulk/media/questions/a/7139/video/full.8c9b49b49865.mp4","7","2026-04-09T02:13:30+02:00","Osiedlowe skrzyżowanie z oznaczonym przejściem, pojazdem uprzywilejowanym i ruchem w tle pokazuje sytuację koordynacji przejazdu. Kadr koncentruje uwagę na kierunku jazdy pojazdu specjalnego i wolnej przestrzeni.","batch-018 accepted after owner review; not yet connected to production sitemap"
"accepted","batch-018","7140","A","https://prawkonaraz.pl/pytanie/7140/czy-w-tej-sytuacji-masz-pierwszenstwo-przed-tramwajem","Film do pytania 7140: Czy w tej sytuacji masz pierwszeństwo przed tramwajem?","Czy w tej sytuacji masz pierwszeństwo przed tramwajem?","Materiał wideo do pytania 7140 dla kategorii A pokazuje krótką sytuację drogową z egzaminu teoretycznego i pomaga przeanalizować ją na podstawie obserwacji oraz zasad ruchu. Temat sceny: ocena, czy w tej sytuacji masz pierwszeństwo przed tramwajem.","ocena, czy w tej sytuacji masz pierwszeństwo przed tramwajem","https://prawkonaraz.pl/storage-bulk/media/questions/a/7140/image/poster.e4ee430d898f.jpg","https://prawkonaraz.pl/storage-bulk/media/questions/a/7140/video/full.3d05e69cdfc1.mp4","5","2026-04-09T02:13:30+02:00","Skrzyżowanie z tramwajem po prawej stronie, wyspą i oznakowaniem torowiska pokazuje relację auta z pojazdem szynowym. Ujęcie pomaga przeanalizować położenie tramwaju, znaki i dalszy tor jazdy.","batch-018 accepted after owner review; not yet connected to production sitemap"
"accepted","batch-018","7141","A","https://prawkonaraz.pl/pytanie/7141/czy-w-tej-sytuacji-masz-obowiazek-ustapic-pierwszenstwa-tramwajowi","Film do pytania 7141: Czy w tej sytuacji masz obowiązek ustąpić pierwszeństwa tramwajowi?","Czy w tej sytuacji masz obowiązek ustąpić pierwszeństwa tramwajowi?","Klip wideo dla pytania 7141 dla kategorii A pokazuje sytuację egzaminacyjną na drodze, w której liczy się spokojna obserwacja, rozpoznanie zagrożeń i właściwa decyzja kierowcy. Temat sceny: ocena, czy w tej sytuacji masz obowiązek ustąpić pierwszeństwa tramwajowi.","ocena, czy w tej sytuacji masz obowiązek ustąpić pierwszeństwa tramwajowi","https://prawkonaraz.pl/storage-bulk/media/questions/a/7141/image/poster.795122d04515.jpg","https://prawkonaraz.pl/storage-bulk/media/questions/a/7141/video/full.0a1971ead096.mp4","5","2026-04-09T02:13:30+02:00","Ten sam układ skrzyżowania przy kościele i torowisku pokazuje moment obserwacji tramwaju przed wjazdem w obszar kolizyjny. Kadr zwraca uwagę na wyspę, sygnalizację oraz kierunek ruchu szynowego.","batch-018 accepted after owner review; not yet connected to production sitemap"
"accepted","batch-018","7142","B","https://prawkonaraz.pl/pytanie/7142/czy-widoczny-na-skrzyzowaniu-sygnal-zielony-oznacza-bezkolizyjny-skret-w-lewo","Film do pytania 7142: Czy widoczny na skrzyżowaniu sygnał zielony oznacza bezkolizyjny skręt w lewo?","Czy widoczny na skrzyżowaniu sygnał zielony oznacza bezkolizyjny skręt w lewo?","Film przy pytaniu 7142 dla kategorii B prezentuje praktyczny kontekst drogowy wykorzystywany w nauce do prawa jazdy i porządkuje to, na co warto zwrócić uwagę w kadrze. Temat sceny: ocena, czy widoczny na skrzyżowaniu sygnał zielony oznacza bezkolizyjny skręt w lewo.","ocena, czy widoczny na skrzyżowaniu sygnał zielony oznacza bezkolizyjny skręt w lewo","https://prawkonaraz.pl/storage-bulk/media/questions/b/7142/image/poster.84ecf0b6d218.jpg","https://prawkonaraz.pl/storage-bulk/media/questions/b/7142/video/full.2f8ea4b5f65b.mp4","5","2026-04-09T02:13:31+02:00","Miejskie skrzyżowanie z zielonym sygnałem, pasami kierunkowymi i tablicami przy jezdni pokazuje lewy skręt w zorganizowanym ruchu. Materiał skupia uwagę na rodzaju sygnalizacji i możliwym ruchu z przeciwka.","batch-018 accepted after owner review; not yet connected to production sitemap"
"accepted","batch-018","7143","A","https://prawkonaraz.pl/pytanie/7143/czy-w-tej-sytuacji-mozesz-opuscic-skrzyzowanie","Film do pytania 7143: Czy w tej sytuacji możesz opuścić skrzyżowanie?","Czy w tej sytuacji możesz opuścić skrzyżowanie?","Wideo powiązane z pytaniem 7143 dla kategorii A przedstawia realny układ drogowy z pytania egzaminacyjnego, pomagając skupić uwagę na przebiegu sceny i warunkach ruchu. Temat sceny: ocena, czy w tej sytuacji możesz opuścić skrzyżowanie.","ocena, czy w tej sytuacji możesz opuścić skrzyżowanie","https://prawkonaraz.pl/storage-bulk/media/questions/a/7143/image/poster.b2eba5d9ceb7.jpg","https://prawkonaraz.pl/storage-bulk/media/questions/a/7143/video/full.701b7c4b195c.mp4","10","2026-04-09T02:13:30+02:00","Szerokie skrzyżowanie z zielonym sygnałem i strzałkami na pasach pokazuje moment opuszczania obszaru skrzyżowania. Ujęcie pomaga ocenić kierunek jazdy, wolną przestrzeń i zachowanie pojazdów wokół.","batch-018 accepted after owner review; not yet connected to production sitemap"
"accepted","batch-018","7147","A","https://prawkonaraz.pl/pytanie/7147/czy-w-tej-sytuacji-masz-prawo-wjechac-na-skrzyzowanie-z-dowolnego-pasa-ruchu-jesli-zamierzasz-skrecic-w-lewo","Film do pytania 7147: Czy w tej sytuacji masz prawo wjechać na skrzyżowanie z dowolnego pasa ruchu, jeśli zami...","Czy w tej sytuacji masz prawo wjechać na skrzyżowanie z dowolnego pasa ruchu, jeśli zamierzasz skręcić w lewo?","Wideo powiązane z pytaniem 7147 dla kategorii A przedstawia realny układ drogowy z pytania egzaminacyjnego, pomagając skupić uwagę na przebiegu sceny i warunkach ruchu. Temat sceny: ocena, czy w tej sytuacji masz prawo wjechać na skrzyżowanie z dowolnego pasa ruchu, jeśli zamierzasz skręcić w lewo.","ocena, czy w tej sytuacji masz prawo wjechać na skrzyżowanie z dowolnego pasa ruchu, jeśli zamierzasz skręcić w lewo","https://prawkonaraz.pl/storage-bulk/media/questions/a/7147/image/poster.6ec97f6171de.jpg","https://prawkonaraz.pl/storage-bulk/media/questions/a/7147/video/full.57d15fbee56c.mp4","8","2026-04-09T02:13:30+02:00","Ulica z wyznaczonymi pasami, pojazdami z naprzeciwka i budynkami usługowymi pokazuje przygotowanie do lewego skrętu. Kadr koncentruje uwagę na wyborze pasa oraz czytelności znaków przed skrzyżowaniem.","batch-018 accepted after owner review; not yet connected to production sitemap"
"accepted","batch-018","7148","A","https://prawkonaraz.pl/pytanie/7148/czy-w-tej-sytuacji-mozesz-zatrzymac-pojazd-na-srodkowym-pasie-jezdni","Film do pytania 7148: Czy w tej sytuacji możesz zatrzymać pojazd na środkowym pasie jezdni?","Czy w tej sytuacji możesz zatrzymać pojazd na środkowym pasie jezdni?","Klip wideo dla pytania 7148 dla kategorii A pokazuje sytuację egzaminacyjną na drodze, w której liczy się spokojna obserwacja, rozpoznanie zagrożeń i właściwa decyzja kierowcy. Temat sceny: ocena, czy w tej sytuacji możesz zatrzymać pojazd na środkowym pasie jezdni.","ocena, czy w tej sytuacji możesz zatrzymać pojazd na środkowym pasie jezdni","https://prawkonaraz.pl/storage-bulk/media/questions/a/7148/image/poster.ef5626645bcc.jpg","https://prawkonaraz.pl/storage-bulk/media/questions/a/7148/video/full.df4c90d655fa.mp4","9","2026-04-09T02:13:30+02:00","Śródmiejska jezdnia z przystankiem, znakami i środkowym pasem pokazuje temat zatrzymania w miejscu o ograniczonej przestrzeni. Ujęcie akcentuje pasy ruchu, słupki przy krawędzi i wpływ postoju na innych.","batch-018 accepted after owner review; not yet connected to production sitemap"
"accepted","batch-018","7151","A","https://prawkonaraz.pl/pytanie/7151/czy-w-tej-sytuacji-masz-prawo-wyprzedzic-tramwaj-z-lewej-strony","Film do pytania 7151: Czy w tej sytuacji masz prawo wyprzedzić tramwaj z lewej strony?","Czy w tej sytuacji masz prawo wyprzedzić tramwaj z lewej strony?","Klip wideo dla pytania 7151 dla kategorii A pokazuje sytuację egzaminacyjną na drodze, w której liczy się spokojna obserwacja, rozpoznanie zagrożeń i właściwa decyzja kierowcy. Temat sceny: ocena, czy w tej sytuacji masz prawo wyprzedzić tramwaj z lewej strony.","ocena, czy w tej sytuacji masz prawo wyprzedzić tramwaj z lewej strony","https://prawkonaraz.pl/storage-bulk/media/questions/a/7151/image/poster.4f7aee7e5051.jpg","https://prawkonaraz.pl/storage-bulk/media/questions/a/7151/video/full.f22c6d9df7e9.mp4","5","2026-04-09T02:13:30+02:00","Aleja z tramwajem przed pojazdem, zielenią i szerokimi pasami przedstawia manewr względem pojazdu szynowego. Kadr pomaga ocenić stronę wyprzedzania, torowisko i pozycję auta na jezdni.","batch-018 accepted after owner review; not yet connected to production sitemap"
"accepted","batch-018","7153","A","https://prawkonaraz.pl/pytanie/7153/czy-za-tym-znakiem-masz-prawo-wyprzedzic-pojazd-uprzywilejowany","Film do pytania 7153: Czy za tym znakiem masz prawo wyprzedzić pojazd uprzywilejowany?","Czy za tym znakiem masz prawo wyprzedzić pojazd uprzywilejowany?","Klip wideo dla pytania 7153 dla kategorii A pokazuje sytuację egzaminacyjną na drodze, w której liczy się spokojna obserwacja, rozpoznanie zagrożeń i właściwa decyzja kierowcy. Temat sceny: ocena, czy za tym znakiem masz prawo wyprzedzić pojazd uprzywilejowany.","ocena, czy za tym znakiem masz prawo wyprzedzić pojazd uprzywilejowany","https://prawkonaraz.pl/storage-bulk/media/questions/a/7153/image/poster.840dce9fbf37.jpg","https://prawkonaraz.pl/storage-bulk/media/questions/a/7153/video/full.ed5bcc2f104d.mp4","7","2026-04-09T02:13:30+02:00","Droga z pojazdem uprzywilejowanym przed kamerą i znakiem przy prawej stronie pokazuje temat wyprzedzania za oznakowaniem. Ujęcie kieruje uwagę na treść znaku, pasy ruchu oraz zachowanie pojazdu specjalnego.","batch-018 accepted after owner review; not yet connected to production sitemap"
"accepted","batch-018","7156","A","https://prawkonaraz.pl/pytanie/7156/czy-w-tej-sytuacji-masz-obowiazek-zachowac-szczegolna-ostroznosc","Film do pytania 7156: Czy w tej sytuacji masz obowiązek zachować szczególną ostrożność?","Czy w tej sytuacji masz obowiązek zachować szczególną ostrożność?","Wideo powiązane z pytaniem 7156 dla kategorii A przedstawia realny układ drogowy z pytania egzaminacyjnego, pomagając skupić uwagę na przebiegu sceny i warunkach ruchu. Temat sceny: ocena, czy w tej sytuacji masz obowiązek zachować szczególną ostrożność.","ocena, czy w tej sytuacji masz obowiązek zachować szczególną ostrożność","https://prawkonaraz.pl/storage-bulk/media/questions/a/7156/image/poster.5f2ea7f7ae87.jpg","https://prawkonaraz.pl/storage-bulk/media/questions/a/7156/video/full.536b839d85e6.mp4","5","2026-04-09T02:13:30+02:00","Trasa z ekranami akustycznymi, tablicami kierunkowymi i ruchem na kilku pasach pokazuje jazdę w szybkim miejskim korytarzu. Materiał skupia uwagę na odstępach, zmianach pasa i obserwacji pojazdów obok.","batch-018 accepted after owner review; not yet connected to production sitemap"
"accepted","batch-018","7157","A","https://prawkonaraz.pl/pytanie/7157/czy-w-tej-sytuacji-masz-obowiazek-ustapic-pierwszenstwa-pieszym","Film do pytania 7157: Czy w tej sytuacji masz obowiązek ustąpić pierwszeństwa pieszym?","Czy w tej sytuacji masz obowiązek ustąpić pierwszeństwa pieszym?","Materiał wideo do pytania 7157 dla kategorii A pokazuje krótką sytuację drogową z egzaminu teoretycznego i pomaga przeanalizować ją na podstawie obserwacji oraz zasad ruchu. Temat sceny: ocena, czy w tej sytuacji masz obowiązek ustąpić pierwszeństwa pieszym.","ocena, czy w tej sytuacji masz obowiązek ustąpić pierwszeństwa pieszym","https://prawkonaraz.pl/storage-bulk/media/questions/a/7157/image/poster.9e637e7833fc.jpg","https://prawkonaraz.pl/storage-bulk/media/questions/a/7157/video/full.9866385aebf2.mp4","5","2026-04-09T02:13:30+02:00","Ulica przy kamienicach z pieszymi w pobliżu przejścia i samochodami wzdłuż krawężnika pokazuje kontakt z ruchem pieszym. Kadr pomaga obserwować osoby na chodniku oraz przestrzeń przed pasami.","batch-018 accepted after owner review; not yet connected to production sitemap"
"accepted","batch-018","7158","A","https://prawkonaraz.pl/pytanie/7158/czy-w-tej-sytuacji-masz-prawo-przejechac-przed-pieszymi","Film do pytania 7158: Czy w tej sytuacji masz prawo przejechać przed pieszymi?","Czy w tej sytuacji masz prawo przejechać przed pieszymi?","Wideo powiązane z pytaniem 7158 dla kategorii A przedstawia realny układ drogowy z pytania egzaminacyjnego, pomagając skupić uwagę na przebiegu sceny i warunkach ruchu. Temat sceny: ocena, czy w tej sytuacji masz prawo przejechać przed pieszymi.","ocena, czy w tej sytuacji masz prawo przejechać przed pieszymi","https://prawkonaraz.pl/storage-bulk/media/questions/a/7158/image/poster.a0ff5c4bd94f.jpg","https://prawkonaraz.pl/storage-bulk/media/questions/a/7158/video/full.8ef4371673fe.mp4","5","2026-04-09T02:13:30+02:00","Podobna miejska scena z przejściem, szyldami i pojazdami przy prawej stronie pokazuje relację auta z pieszymi. Ujęcie koncentruje uwagę na tempie zbliżania, widoczności pasów i zachowaniu osób przy jezdni.","batch-018 accepted after owner review; not yet connected to production sitemap"
"accepted","batch-018","7159","A","https://prawkonaraz.pl/pytanie/7159/czy-w-tej-sytuacji-powinienes-zachowac-szczegolna-ostroznosc-a-w-razie-potrzeby-zatrzymac-sie","Film do pytania 7159: Czy w tej sytuacji powinieneś zachować szczególną ostrożność a w razie potrzeby zatrzyma...","Czy w tej sytuacji powinieneś zachować szczególną ostrożność a w razie potrzeby zatrzymać się?","Film przy pytaniu 7159 dla kategorii A prezentuje praktyczny kontekst drogowy wykorzystywany w nauce do prawa jazdy i porządkuje to, na co warto zwrócić uwagę w kadrze. Temat sceny: ocena, czy w tej sytuacji powinieneś zachować szczególną ostrożność a w razie potrzeby zatrzymać się.","ocena, czy w tej sytuacji powinieneś zachować szczególną ostrożność a w razie potrzeby zatrzymać się","https://prawkonaraz.pl/storage-bulk/media/questions/a/7159/image/poster.9e5160c087ba.jpg","https://prawkonaraz.pl/storage-bulk/media/questions/a/7159/video/full.ca9da4463dc6.mp4","7","2026-04-09T02:13:30+02:00","Mglista droga poza miastem, słupki przy poboczu i słaba widoczność pokazują sytuację o podwyższonym ryzyku. Materiał akcentuje obserwację pobocza, zapas czasu na reakcję oraz możliwość zatrzymania w razie potrzeby.","batch-018 accepted after owner review; not yet connected to production sitemap"
"accepted","batch-018","7160","A","https://prawkonaraz.pl/pytanie/7160/czy-w-tej-sytuacji-mozesz-wyprzedzic-rowerzyste","Film do pytania 7160: Czy w tej sytuacji możesz wyprzedzić rowerzystę?","Czy w tej sytuacji możesz wyprzedzić rowerzystę?","Nagranie przypisane do pytania 7160 dla kategorii A przedstawia scenę z perspektywy kierującego, z naciskiem na ocenę otoczenia, znaków i zachowania uczestników ruchu. Temat sceny: ocena, czy w tej sytuacji możesz wyprzedzić rowerzystę.","ocena, czy w tej sytuacji możesz wyprzedzić rowerzystę","https://prawkonaraz.pl/storage-bulk/media/questions/a/7160/image/poster.a99ce3e2a02f.jpg","https://prawkonaraz.pl/storage-bulk/media/questions/a/7160/video/full.1006fed37a1a.mp4","6","2026-04-09T02:13:30+02:00","Przejazd kolejowy z rogatkami, rowerzystą przy prawej stronie i zabudową w tle pokazuje złożoną sytuację przy torach. Kadr skupia uwagę na jednośladzie, sygnałach kolejowych i ograniczonej przestrzeni manewru.","batch-018 accepted after owner review; not yet connected to production sitemap"
"accepted","batch-018","7161","B","https://prawkonaraz.pl/pytanie/7161/czy-kierujacy-wlasciwie-zabezpieczyl-pojazd-przed-jego-opuszczeniem","Film do pytania 7161: Czy kierujący właściwie zabezpieczył pojazd przed jego opuszczeniem?","Czy kierujący właściwie zabezpieczył pojazd przed jego opuszczeniem?","Klip wideo dla pytania 7161 dla kategorii B pokazuje sytuację egzaminacyjną na drodze, w której liczy się spokojna obserwacja, rozpoznanie zagrożeń i właściwa decyzja kierowcy. Temat sceny: ocena, czy kierujący właściwie zabezpieczył pojazd przed jego opuszczeniem.","ocena, czy kierujący właściwie zabezpieczył pojazd przed jego opuszczeniem","https://prawkonaraz.pl/storage-bulk/media/questions/b/7161/image/poster.7f12e16f6ba7.jpg","https://prawkonaraz.pl/storage-bulk/media/questions/b/7161/video/full.514016806dd1.mp4","9","2026-04-09T02:13:31+02:00","Zbliżenie na kluczyki pozostawione w stacyjce i wnętrze samochodu pokazuje temat zabezpieczenia pojazdu przed opuszczeniem. Ujęcie akcentuje elementy kokpitu, stacyjkę oraz ryzyko pozostawienia auta bez kontroli.","batch-018 accepted after owner review; not yet connected to production sitemap"
"accepted","batch-018","7162","B","https://prawkonaraz.pl/pytanie/7162/czy-kierujacy-wlasciwie-zabezpieczyl-pojazd-na-czas-postoju","Film do pytania 7162: Czy kierujący właściwie zabezpieczył pojazd na czas postoju?","Czy kierujący właściwie zabezpieczył pojazd na czas postoju?","Film przy pytaniu 7162 dla kategorii B prezentuje praktyczny kontekst drogowy wykorzystywany w nauce do prawa jazdy i porządkuje to, na co warto zwrócić uwagę w kadrze. Temat sceny: ocena, czy kierujący właściwie zabezpieczył pojazd na czas postoju.","ocena, czy kierujący właściwie zabezpieczył pojazd na czas postoju","https://prawkonaraz.pl/storage-bulk/media/questions/b/7162/image/poster.584140548c64.jpg","https://prawkonaraz.pl/storage-bulk/media/questions/b/7162/video/full.5db90c5a4198.mp4","7","2026-04-09T02:13:31+02:00","Kierujący we wnętrzu auta wykonuje czynność przy desce rozdzielczej, co pokazuje przygotowanie pojazdu do postoju. Kadr koncentruje uwagę na rękach, elementach sterowania i zabezpieczeniu auta przed odejściem.","batch-018 accepted after owner review; not yet connected to production sitemap"
"accepted","batch-018","7163","B","https://prawkonaraz.pl/pytanie/7163/czy-zachowanie-kierujacego-ktory-pozostawil-samochod-na-postoju-jest-poprawne","Film do pytania 7163: Czy zachowanie kierującego, który pozostawił samochód na postoju jest poprawne?","Czy zachowanie kierującego, który pozostawił samochód na postoju jest poprawne?","Klip wideo dla pytania 7163 dla kategorii B pokazuje sytuację egzaminacyjną na drodze, w której liczy się spokojna obserwacja, rozpoznanie zagrożeń i właściwa decyzja kierowcy. Temat sceny: ocena, czy zachowanie kierującego, który pozostawił samochód na postoju jest poprawne.","ocena, czy zachowanie kierującego, który pozostawił samochód na postoju jest poprawne","https://prawkonaraz.pl/storage-bulk/media/questions/b/7163/image/poster.6896d180720b.jpg","https://prawkonaraz.pl/storage-bulk/media/questions/b/7163/video/full.4d77cf12c3cd.mp4","8","2026-04-09T02:13:31+02:00","Samochód stojący częściowo przy chodniku w zimowym otoczeniu pokazuje postój przy krawędzi drogi. Materiał pomaga ocenić ustawienie pojazdu, odległość od przejazdu i wpływ parkowania na ruch pieszych.","batch-018 accepted after owner review; not yet connected to production sitemap"
"accepted","batch-018","7218","AM","https://prawkonaraz.pl/pytanie/7218/czy-w-tej-sytuacji-za-tym-znakiem-masz-obowiazek-sygnalizowania-zamiaru-zmiany-pasa-ruchu","Film do pytania 7218: Czy w tej sytuacji za tym znakiem masz obowiązek sygnalizowania zamiaru zmiany pasa ruch...","Czy w tej sytuacji za tym znakiem masz obowiązek sygnalizowania zamiaru zmiany pasa ruchu?","Klip wideo dla pytania 7218 dla kategorii AM pokazuje sytuację egzaminacyjną na drodze, w której liczy się spokojna obserwacja, rozpoznanie zagrożeń i właściwa decyzja kierowcy. Temat sceny: ocena, czy w tej sytuacji za tym znakiem masz obowiązek sygnalizowania zamiaru zmiany pasa ruchu.","ocena, czy w tej sytuacji za tym znakiem masz obowiązek sygnalizowania zamiaru zmiany pasa ruchu","https://prawkonaraz.pl/storage-bulk/media/questions/am/7218/image/poster.8477cc1fee2b.jpg","https://prawkonaraz.pl/storage-bulk/media/questions/am/7218/video/full.b316c008da83.mp4","9","2026-04-09T02:17:18+02:00","Aleja z przejściem dla pieszych, znakiem informacyjnym i pasem prowadzącym do zmiany kierunku pokazuje przygotowanie do manewru. Ujęcie akcentuje oznakowanie po prawej stronie i sygnalizowanie zamiaru.","batch-018 accepted after owner review; not yet connected to production sitemap"
"accepted","batch-018","7219","A","https://prawkonaraz.pl/pytanie/7219/czy-w-tej-sytuacji-kontynuujac-jazde-masz-obowiazek-sygnalizowac-zamiar-zmiany-pasa-ruchu","Film do pytania 7219: Czy w tej sytuacji kontynuując jazdę masz obowiązek sygnalizować zamiar zmiany pasa ruch...","Czy w tej sytuacji kontynuując jazdę masz obowiązek sygnalizować zamiar zmiany pasa ruchu?","Materiał wideo do pytania 7219 dla kategorii A pokazuje krótką sytuację drogową z egzaminu teoretycznego i pomaga przeanalizować ją na podstawie obserwacji oraz zasad ruchu. Temat sceny: ocena, czy w tej sytuacji kontynuując jazdę masz obowiązek sygnalizować zamiar zmiany pasa ruchu.","ocena, czy w tej sytuacji kontynuując jazdę masz obowiązek sygnalizować zamiar zmiany pasa ruchu","https://prawkonaraz.pl/storage-bulk/media/questions/a/7219/image/poster.8477cc1fee2b.jpg","https://prawkonaraz.pl/storage-bulk/media/questions/a/7219/video/full.e40816ac6840.mp4","9","2026-04-09T02:17:19+02:00","Ten sam odcinek z przejściem i oznaczeniem kierunku pokazuje kontynuowanie jazdy przy zmianie układu pasa. Kadr skupia uwagę na położeniu auta, znaku oraz czytelnej komunikacji z innymi uczestnikami.","batch-018 accepted after owner review; not yet connected to production sitemap"
"accepted","batch-018","7221","A","https://prawkonaraz.pl/pytanie/7221/czy-w-tej-sytuacji-mozesz-ominac-pojazd-ktory-zatrzymal-sie-aby-przepuscic-pieszego","Film do pytania 7221: Czy w tej sytuacji możesz ominąć pojazd, który zatrzymał się, aby przepuścić pieszego?","Czy w tej sytuacji możesz ominąć pojazd, który zatrzymał się, aby przepuścić pieszego?","Nagranie przypisane do pytania 7221 dla kategorii A przedstawia scenę z perspektywy kierującego, z naciskiem na ocenę otoczenia, znaków i zachowania uczestników ruchu. Temat sceny: ocena, czy w tej sytuacji możesz ominąć pojazd, który zatrzymał się, aby przepuścić pieszego.","ocena, czy w tej sytuacji możesz ominąć pojazd, który zatrzymał się, aby przepuścić pieszego","https://prawkonaraz.pl/storage-bulk/media/questions/a/7221/image/poster.fb5eb679aeeb.jpg","https://prawkonaraz.pl/storage-bulk/media/questions/a/7221/video/full.0088b7d9b30e.mp4","11","2026-04-09T02:17:19+02:00","Droga z przejściem dla pieszych i pojazdem zatrzymanym przed pasami pokazuje sytuację omijania w pobliżu osób przechodzących przez jezdnię. Ujęcie pomaga ocenić widoczność pieszego i zachowanie auta obok.","batch-018 accepted after owner review; not yet connected to production sitemap"
"accepted","batch-018","7223","A","https://prawkonaraz.pl/pytanie/7223/czy-przejezdzajac-obok-tego-przystanku-tramwajowego-masz-obowiazek-zachowac-szczegolna-ostroznosc","Film do pytania 7223: Czy przejeżdżając obok tego przystanku tramwajowego, masz obowiązek zachować szczególną...","Czy przejeżdżając obok tego przystanku tramwajowego, masz obowiązek zachować szczególną ostrożność?","Nagranie przypisane do pytania 7223 dla kategorii A przedstawia scenę z perspektywy kierującego, z naciskiem na ocenę otoczenia, znaków i zachowania uczestników ruchu. Temat sceny: ocena, czy przejeżdżając obok tego przystanku tramwajowego, masz obowiązek zachować szczególną ostrożność.","ocena, czy przejeżdżając obok tego przystanku tramwajowego, masz obowiązek zachować szczególną ostrożność","https://prawkonaraz.pl/storage-bulk/media/questions/a/7223/image/poster.b29bd718595d.jpg","https://prawkonaraz.pl/storage-bulk/media/questions/a/7223/video/full.f5854150b634.mp4","10","2026-04-09T02:17:19+02:00","Przystanek tramwajowy przy jezdni, samochody na sąsiednich pasach i torowisko pokazują przejazd obok miejsca wymiany pasażerów. Kadr zwraca uwagę na pieszych, tramwaj oraz odstęp od krawędzi przystanku.","batch-018 accepted after owner review; not yet connected to production sitemap"
"accepted","batch-018","7224","A","https://prawkonaraz.pl/pytanie/7224/czy-w-tej-sytuacji-wolno-ci-wjechac-za-sygnalizator-jezeli-zatrzymanie-sie-przed-nim-wymaga-gwaltownego-hamowania","Film do pytania 7224: Czy w tej sytuacji wolno Ci wjechać za sygnalizator, jeżeli zatrzymanie się przed nim wy...","Czy w tej sytuacji wolno Ci wjechać za sygnalizator, jeżeli zatrzymanie się przed nim wymaga gwałtownego hamowania?","Materiał wideo do pytania 7224 dla kategorii A pokazuje krótką sytuację drogową z egzaminu teoretycznego i pomaga przeanalizować ją na podstawie obserwacji oraz zasad ruchu. Temat sceny: ocena, czy w tej sytuacji wolno Ci wjechać za sygnalizator, jeżeli zatrzymanie się przed nim wymaga gwałtownego hamowania.","ocena, czy w tej sytuacji wolno Ci wjechać za sygnalizator, jeżeli zatrzymanie się przed nim wymaga gwałtownego hamowania","https://prawkonaraz.pl/storage-bulk/media/questions/a/7224/image/poster.fba7efddc84e.jpg","https://prawkonaraz.pl/storage-bulk/media/questions/a/7224/video/full.3f48112c357d.mp4","9","2026-04-09T02:17:19+02:00","Ciężarówka przed pojazdem, sygnalizator i znaki na wlocie skrzyżowania pokazują moment zbliżania się do świateł. Materiał skupia uwagę na dystansie, nawierzchni oraz płynności hamowania przed sygnalizatorem.","batch-018 accepted after owner review; not yet connected to production sitemap"
"accepted","batch-018","7232","A","https://prawkonaraz.pl/pytanie/7232/czy-w-tej-sytuacji-masz-obowiazek-zachowac-ostroznosc","Film do pytania 7232: Czy w tej sytuacji masz obowiązek zachować ostrożność?","Czy w tej sytuacji masz obowiązek zachować ostrożność?","Wideo powiązane z pytaniem 7232 dla kategorii A przedstawia realny układ drogowy z pytania egzaminacyjnego, pomagając skupić uwagę na przebiegu sceny i warunkach ruchu. Temat sceny: ocena, czy w tej sytuacji masz obowiązek zachować ostrożność.","ocena, czy w tej sytuacji masz obowiązek zachować ostrożność","https://prawkonaraz.pl/storage-bulk/media/questions/a/7232/image/poster.520ea010508a.jpg","https://prawkonaraz.pl/storage-bulk/media/questions/a/7232/video/full.d8c8a022ffc4.mp4","5","2026-04-09T02:17:19+02:00","Wielopasmowa ulica o zmierzchu z czerwonym sygnałem w oddali i pojazdami przed kamerą pokazuje spokojny dojazd do skrzyżowania. Ujęcie akcentuje obserwację świateł, odstępy i zachowanie przewidywalnego toru.","batch-018 accepted after owner review; not yet connected to production sitemap"
"accepted","batch-018","7235","B","https://prawkonaraz.pl/pytanie/7235/czy-kierujac-pojazdem-w-stanie-pobudzenia-emocjonalnego-zwiekszasz-precyzje-i-trafnosc-swoich-reakcji-w-sytuacji-niebezpiecznej","Film do pytania 7235: Czy kierując pojazdem w stanie pobudzenia emocjonalnego, zwiększasz precyzję i trafność...","Czy kierując pojazdem w stanie pobudzenia emocjonalnego, zwiększasz precyzję i trafność swoich reakcji w sytuacji niebezpiecznej?","Wideo powiązane z pytaniem 7235 dla kategorii B przedstawia realny układ drogowy z pytania egzaminacyjnego, pomagając skupić uwagę na przebiegu sceny i warunkach ruchu. Temat sceny: ocena, czy kierując pojazdem w stanie pobudzenia emocjonalnego, zwiększasz precyzję i trafność swoich reakcji w sytuacji niebezpiecznej...","ocena, czy kierując pojazdem w stanie pobudzenia emocjonalnego, zwiększasz precyzję i trafność swoich reakcji w sytuacji niebezpiecznej","https://prawkonaraz.pl/storage-bulk/media/questions/b/7235/image/poster.6de45faa1a7e.jpg","https://prawkonaraz.pl/storage-bulk/media/questions/b/7235/video/full.62f69ac71574.mp4","10","2026-04-09T02:17:20+02:00","Kierowca we wnętrzu auta wykonuje dynamiczny gest przy kierownicy, co pokazuje wpływ emocji na zachowanie za kierownicą. Kadr koncentruje uwagę na skupieniu, reakcji dłoni i kontroli nad pojazdem.","batch-018 accepted after owner review; not yet connected to production sitemap"
"accepted","batch-018","7236","A","https://prawkonaraz.pl/pytanie/7236/czy-w-tej-sytuacji-masz-prawo-wyprzedzic-tramwaj","Film do pytania 7236: Czy w tej sytuacji masz prawo wyprzedzić tramwaj?","Czy w tej sytuacji masz prawo wyprzedzić tramwaj?","Nagranie przypisane do pytania 7236 dla kategorii A przedstawia scenę z perspektywy kierującego, z naciskiem na ocenę otoczenia, znaków i zachowania uczestników ruchu. Temat sceny: ocena, czy w tej sytuacji masz prawo wyprzedzić tramwaj.","ocena, czy w tej sytuacji masz prawo wyprzedzić tramwaj","https://prawkonaraz.pl/storage-bulk/media/questions/a/7236/image/poster.22c4cd37c022.jpg","https://prawkonaraz.pl/storage-bulk/media/questions/a/7236/video/full.21028949ed97.mp4","8","2026-04-09T02:17:19+02:00","Ulica z tramwajem na torowisku, samochodem obok i zielenią po prawej stronie pokazuje manewr względem pojazdu szynowego. Ujęcie pomaga ocenić położenie tramwaju, lewy pas i przestrzeń do przejazdu.","batch-018 accepted after owner review; not yet connected to production sitemap"
"accepted","batch-018","7247","A","https://prawkonaraz.pl/pytanie/7247/czy-w-tej-sytuacji-na-obszarze-zabudowanym-masz-obowiazek-umozliwic-wlaczenie-sie-do-ruchu-autobusowi-jesli-kierujacy-nim-sygnalizuje-taki-zamiar","Film do pytania 7247: Czy w tej sytuacji na obszarze zabudowanym masz obowiązek umożliwić włączenie się do ruc...","Czy w tej sytuacji na obszarze zabudowanym masz obowiązek umożliwić włączenie się do ruchu autobusowi, jeśli kierujący nim sygnalizuje taki zamiar?","Klip wideo dla pytania 7247 dla kategorii A pokazuje sytuację egzaminacyjną na drodze, w której liczy się spokojna obserwacja, rozpoznanie zagrożeń i właściwa decyzja kierowcy. Temat sceny: ocena, czy w tej sytuacji na obszarze zabudowanym masz obowiązek umożliwić włączenie się do ruchu autobusowi, jeśli kierujący n...","ocena, czy w tej sytuacji na obszarze zabudowanym masz obowiązek umożliwić włączenie się do ruchu autobusowi, jeśli kierujący n","https://prawkonaraz.pl/storage-bulk/media/questions/a/7247/image/poster.071945e267c2.jpg","https://prawkonaraz.pl/storage-bulk/media/questions/a/7247/video/full.5366db070e25.mp4","7","2026-04-09T02:17:19+02:00","Miejska arteria z autobusem przy przystanku, pojazdami na pasach i zabudową usługową pokazuje włączanie komunikacji miejskiej do ruchu. Kadr akcentuje kierunkowskaz autobusu, odległość i warunki na pasie.","batch-018 accepted after owner review; not yet connected to production sitemap"
"accepted","batch-018","7251","A","https://prawkonaraz.pl/pytanie/7251/czy-skrecajac-w-lewo-masz-obowiazek-ustapic-pierwszenstwa-pojazdowi-jadacemu-z-przeciwka","Film do pytania 7251: Czy skręcając w lewo masz obowiązek ustąpić pierwszeństwa pojazdowi jadącemu z przeciwka...","Czy skręcając w lewo masz obowiązek ustąpić pierwszeństwa pojazdowi jadącemu z przeciwka?","Wideo powiązane z pytaniem 7251 dla kategorii A przedstawia realny układ drogowy z pytania egzaminacyjnego, pomagając skupić uwagę na przebiegu sceny i warunkach ruchu. Temat sceny: ocena, czy skręcając w lewo masz obowiązek ustąpić pierwszeństwa pojazdowi jadącemu z przeciwka.","ocena, czy skręcając w lewo masz obowiązek ustąpić pierwszeństwa pojazdowi jadącemu z przeciwka","https://prawkonaraz.pl/storage-bulk/media/questions/a/7251/image/poster.aa8634dbd560.jpg","https://prawkonaraz.pl/storage-bulk/media/questions/a/7251/video/full.8e12c2c93df7.mp4","6","2026-04-09T02:17:19+02:00","Skrzyżowanie wśród kamienic z pojazdami z przeciwnego kierunku pokazuje przygotowanie do lewego skrętu. Materiał skupia uwagę na torze jazdy, widoczności przed maską i relacji z ruchem nadjeżdżającym.","batch-018 accepted after owner review; not yet connected to production sitemap"
